Blk,spp,time,composition,Plot,ANVI.action,SEPA.action,TRFL.action,PAAN.action,SCIN.action,SOPI.action,ANVI.outcome,SEPA.outcome,TRFL.outcome,PAAN.outcome,SCIN.outcome,SOPI.outcome,PlantS,S5,percov,Div,Res,divXres,n.plants
1,ANVI,1,ANVIM,1ANVIMOO 2012,1,0,0,0,0,0,1,0,0,0,0,0,NA,NA,NA,NA,NA,NA,NA
1,ANVI,1,ANVIM,1ANVIMRO 2012,1,0,0,0,0,0,1,0,0,0,0,0,NA,NA,NA,NA,NA,NA,NA
1,ANVI,1,ANVIP,1ANVIPOO 2012,0,1,1,1,1,1,0,1,1,1,1,1,NA,NA,NA,NA,NA,NA,NA
1,ANVI,1,ANVIP,1ANVIPRO 2012,0,1,1,1,1,1,0,1,1,1,1,1,NA,NA,NA,NA,NA,NA,NA
1,PAAN,1,PAANM,1PAANMOO 2012,0,0,0,1,0,0,0,0,0,1,0,0,NA,NA,NA,NA,NA,NA,NA
1,PAAN,1,PAANM,1PAANMRO 2012,0,0,0,1,0,0,0,0,0,1,0,0,NA,NA,NA,NA,NA,NA,NA
1,PAAN,1,PAANP,1PAANPOO 2012,1,1,1,0,1,1,1,1,1,0,1,1,NA,NA,NA,NA,NA,NA,NA
1,PAAN,1,PAANP,1PAANPRO 2012,1,1,1,0,1,1,1,1,1,0,1,1,NA,NA,NA,NA,NA,NA,NA
1,SCIN,1,SCINM,1SCINMOO 2012,0,0,0,0,1,0,0,0,0,0,1,0,NA,NA,NA,NA,NA,NA,NA
1,SCIN,1,SCINM,1SCINMRO 2012,0,0,0,0,1,0,0,0,0,0,1,0,NA,NA,NA,NA,NA,NA,NA
1,SCIN,1,SCINP,1SCINPOO 2012,1,1,1,1,0,1,1,1,1,1,0,1,NA,NA,NA,NA,NA,NA,NA
1,SCIN,1,SCINP,1SCINPRO 2012,1,1,1,1,0,1,1,1,1,1,0,1,NA,NA,NA,NA,NA,NA,NA
1,SEPA,1,SEPAM,1SEPAMOO 2012,0,1,0,0,0,0,0,1,0,0,0,0,NA,NA,NA,NA,NA,NA,NA
1,SEPA,1,SEPAM,1SEPAMRO 2012,0,1,0,0,0,0,0,1,0,0,0,0,NA,NA,NA,NA,NA,NA,NA
1,SEPA,1,SEPAP,1SEPAPOO 2012,1,0,1,1,1,1,1,0,1,1,1,1,NA,NA,NA,NA,NA,NA,NA
1,SEPA,1,SEPAP,1SEPAPRO 2012,1,0,1,1,1,1,1,0,1,1,1,1,NA,NA,NA,NA,NA,NA,NA
1,SOPI,1,SOPIM,1SOPIMOO 2012,0,0,0,0,0,1,0,0,0,0,0,1,NA,NA,NA,NA,NA,NA,NA
1,SOPI,1,SOPIM,1SOPIMRO 2012,0,0,0,0,0,1,0,0,0,0,0,1,NA,NA,NA,NA,NA,NA,NA
1,SOPI,1,SOPIP,1SOPIPOO 2012,1,1,1,1,1,0,1,1,1,1,1,0,NA,NA,NA,NA,NA,NA,NA
1,SOPI,1,SOPIP,1SOPIPRO 2012,1,1,1,1,1,0,1,1,1,1,1,0,NA,NA,NA,NA,NA,NA,NA
1,TRFL,1,TRFLM,1TRFLMOO 2012,0,0,1,0,0,0,0,0,1,0,0,0,NA,NA,NA,NA,NA,NA,NA
1,TRFL,1,TRFLM,1TRFLMRO 2012,0,0,1,0,0,0,0,0,1,0,0,0,NA,NA,NA,NA,NA,NA,NA
1,TRFL,1,TRFLP,1TRFLPOO 2012,1,1,0,1,1,1,1,1,0,1,1,1,NA,NA,NA,NA,NA,NA,NA
1,TRFL,1,TRFLP,1TRFLPRO 2012,1,1,0,1,1,1,1,1,0,1,1,1,NA,NA,NA,NA,NA,NA,NA
2,ANVI,1,ANVIM,2ANVIMOO 2012,1,0,0,0,0,0,1,0,0,0,0,0,NA,NA,NA,NA,NA,NA,NA
2,ANVI,1,ANVIM,2ANVIMRO 2012,1,0,0,0,0,0,1,0,0,0,0,0,NA,NA,NA,NA,NA,NA,NA
2,ANVI,1,ANVIP,2ANVIPOO 2012,0,1,1,1,1,1,0,1,1,1,1,1,NA,NA,NA,NA,NA,NA,NA
2,ANVI,1,ANVIP,2ANVIPRO 2012,0,1,1,1,1,1,0,1,1,1,1,1,NA,NA,NA,NA,NA,NA,NA
2,PAAN,1,PAANM,2PAANMOO 2012,0,0,0,1,0,0,0,0,0,1,0,0,NA,NA,NA,NA,NA,NA,NA
2,PAAN,1,PAANM,2PAANMRO 2012,0,0,0,1,0,0,0,0,0,1,0,0,NA,NA,NA,NA,NA,NA,NA
2,PAAN,1,PAANP,2PAANPOO 2012,1,1,1,0,1,1,1,1,1,0,1,1,NA,NA,NA,NA,NA,NA,NA
2,PAAN,1,PAANP,2PAANPRO 2012,1,1,1,0,1,1,1,1,1,0,1,1,NA,NA,NA,NA,NA,NA,NA
2,SCIN,1,SCINM,2SCINMOO 2012,0,0,0,0,1,0,0,0,0,0,1,0,NA,NA,NA,NA,NA,NA,NA
2,SCIN,1,SCINM,2SCINMRO 2012,0,0,0,0,1,0,0,0,0,0,1,0,NA,NA,NA,NA,NA,NA,NA
2,SCIN,1,SCINP,2SCINPOO 2012,1,1,1,1,0,1,1,1,1,1,0,1,NA,NA,NA,NA,NA,NA,NA
2,SCIN,1,SCINP,2SCINPRO 2012,1,1,1,1,0,1,1,1,1,1,0,1,NA,NA,NA,NA,NA,NA,NA
2,SEPA,1,SEPAM,2SEPAMOO 2012,0,1,0,0,0,0,0,1,0,0,0,0,NA,NA,NA,NA,NA,NA,NA
2,SEPA,1,SEPAP,2SEPAPOO 2012,1,0,1,1,1,1,1,0,1,1,1,1,NA,NA,NA,NA,NA,NA,NA
2,SEPA,1,SEPAP,2SEPAPRO 2012,1,0,1,1,1,1,1,0,1,1,1,1,NA,NA,NA,NA,NA,NA,NA
2,SOPI,1,SOPIM,2SOPIMOO 2012,0,0,0,0,0,1,0,0,0,0,0,1,NA,NA,NA,NA,NA,NA,NA
2,SOPI,1,SOPIM,2SOPIMRO 2012,0,0,0,0,0,1,0,0,0,0,0,1,NA,NA,NA,NA,NA,NA,NA
2,SOPI,1,SOPIP,2SOPIPOO 2012,1,1,1,1,1,0,1,1,1,1,1,0,NA,NA,NA,NA,NA,NA,NA
2,SOPI,1,SOPIP,2SOPIPRO 2012,1,1,1,1,1,0,1,1,1,1,1,0,NA,NA,NA,NA,NA,NA,NA
2,TRFL,1,TRFLM,2TRFLMOO 2012,0,0,1,0,0,0,0,0,1,0,0,0,NA,NA,NA,NA,NA,NA,NA
2,TRFL,1,TRFLM,2TRFLMRO 2012,0,0,1,0,0,0,0,0,1,0,0,0,NA,NA,NA,NA,NA,NA,NA
2,TRFL,1,TRFLP,2TRFLPOO 2012,1,1,0,1,1,1,1,1,0,1,1,1,NA,NA,NA,NA,NA,NA,NA
2,TRFL,1,TRFLP,2TRFLPRO 2012,1,1,0,1,1,1,1,1,0,1,1,1,NA,NA,NA,NA,NA,NA,NA
3,ANVI,1,ANVIM,3ANVIMOO 2012,1,0,0,0,0,0,1,0,0,0,0,0,NA,NA,NA,NA,NA,NA,NA
3,ANVI,1,ANVIM,3ANVIMRO 2012,1,0,0,0,0,0,1,0,0,0,0,0,NA,NA,NA,NA,NA,NA,NA
3,ANVI,1,ANVIP,3ANVIPOO 2012,0,1,1,1,1,1,0,1,1,1,1,1,NA,NA,NA,NA,NA,NA,NA
3,ANVI,1,ANVIP,3ANVIPRO 2012,0,1,1,1,1,1,0,1,1,1,1,1,NA,NA,NA,NA,NA,NA,NA
3,PAAN,1,PAANM,3PAANMOO 2012,0,0,0,1,0,0,0,0,0,1,0,0,NA,NA,NA,NA,NA,NA,NA
3,PAAN,1,PAANM,3PAANMRO 2012,0,0,0,1,0,0,0,0,0,1,0,0,NA,NA,NA,NA,NA,NA,NA
3,PAAN,1,PAANP,3PAANPOO 2012,1,1,1,0,1,1,1,1,1,0,1,1,NA,NA,NA,NA,NA,NA,NA
3,PAAN,1,PAANP,3PAANPRO 2012,1,1,1,0,1,1,1,1,1,0,1,1,NA,NA,NA,NA,NA,NA,NA
3,SCIN,1,SCINM,3SCINMOO 2012,0,0,0,0,1,0,0,0,0,0,1,0,NA,NA,NA,NA,NA,NA,NA
3,SCIN,1,SCINM,3SCINMRO 2012,0,0,0,0,1,0,0,0,0,0,1,0,NA,NA,NA,NA,NA,NA,NA
3,SCIN,1,SCINP,3SCINPOO 2012,1,1,1,1,0,1,1,1,1,1,0,1,NA,NA,NA,NA,NA,NA,NA
3,SCIN,1,SCINP,3SCINPRO 2012,1,1,1,1,0,1,1,1,1,1,0,1,NA,NA,NA,NA,NA,NA,NA
3,SEPA,1,SEPAM,3SEPAMOO 2012,0,1,0,0,0,0,0,1,0,0,0,0,NA,NA,NA,NA,NA,NA,NA
3,SEPA,1,SEPAM,3SEPAMRO 2012,0,1,0,0,0,0,0,1,0,0,0,0,NA,NA,NA,NA,NA,NA,NA
3,SEPA,1,SEPAP,3SEPAPOO 2012,1,0,1,1,1,1,1,0,1,1,1,1,NA,NA,NA,NA,NA,NA,NA
3,SEPA,1,SEPAP,3SEPAPRO 2012,1,0,1,1,1,1,1,0,1,1,1,1,NA,NA,NA,NA,NA,NA,NA
3,SOPI,1,SOPIM,3SOPIMOO 2012,0,0,0,0,0,1,0,0,0,0,0,1,NA,NA,NA,NA,NA,NA,NA
3,SOPI,1,SOPIM,3SOPIMRO 2012,0,0,0,0,0,1,0,0,0,0,0,1,NA,NA,NA,NA,NA,NA,NA
3,SOPI,1,SOPIP,3SOPIPOO 2012,1,1,1,1,1,0,1,1,1,1,1,0,NA,NA,NA,NA,NA,NA,NA
3,SOPI,1,SOPIP,3SOPIPRO 2012,1,1,1,1,1,0,1,1,1,1,1,0,NA,NA,NA,NA,NA,NA,NA
3,TRFL,1,TRFLM,3TRFLMOO 2012,0,0,1,0,0,0,0,0,1,0,0,0,NA,NA,NA,NA,NA,NA,NA
3,TRFL,1,TRFLM,3TRFLMRO 2012,0,0,1,0,0,0,0,0,1,0,0,0,NA,NA,NA,NA,NA,NA,NA
3,TRFL,1,TRFLP,3TRFLPOO 2012,1,1,0,1,1,1,1,1,0,1,1,1,NA,NA,NA,NA,NA,NA,NA
3,TRFL,1,TRFLP,3TRFLPRO 2012,1,1,0,1,1,1,1,1,0,1,1,1,NA,NA,NA,NA,NA,NA,NA
4,ANVI,1,ANVIM,4ANVIMOO 2012,1,0,0,0,0,0,1,0,0,0,0,0,NA,NA,NA,NA,NA,NA,NA
4,ANVI,1,ANVIM,4ANVIMRO 2012,1,0,0,0,0,0,1,0,0,0,0,0,NA,NA,NA,NA,NA,NA,NA
4,ANVI,1,ANVIP,4ANVIPOO 2012,0,1,1,1,1,1,0,1,1,1,1,1,NA,NA,NA,NA,NA,NA,NA
4,ANVI,1,ANVIP,4ANVIPRO 2012,0,1,1,1,1,1,0,1,1,1,1,1,NA,NA,NA,NA,NA,NA,NA
4,PAAN,1,PAANM,4PAANMOO 2012,0,0,0,1,0,0,0,0,0,1,0,0,NA,NA,NA,NA,NA,NA,NA
4,PAAN,1,PAANM,4PAANMRO 2012,0,0,0,1,0,0,0,0,0,1,0,0,NA,NA,NA,NA,NA,NA,NA
4,PAAN,1,PAANP,4PAANPOO 2012,1,1,1,0,1,1,1,1,1,0,1,1,NA,NA,NA,NA,NA,NA,NA
4,PAAN,1,PAANP,4PAANPRO 2012,1,1,1,0,1,1,1,1,1,0,1,1,NA,NA,NA,NA,NA,NA,NA
4,SCIN,1,SCINM,4SCINMOO 2012,0,0,0,0,1,0,0,0,0,0,1,0,NA,NA,NA,NA,NA,NA,NA
4,SCIN,1,SCINM,4SCINMRO 2012,0,0,0,0,1,0,0,0,0,0,1,0,NA,NA,NA,NA,NA,NA,NA
4,SCIN,1,SCINP,4SCINPOO 2012,1,1,1,1,0,1,1,1,1,1,0,1,NA,NA,NA,NA,NA,NA,NA
4,SCIN,1,SCINP,4SCINPRO 2012,1,1,1,1,0,1,1,1,1,1,0,1,NA,NA,NA,NA,NA,NA,NA
4,SEPA,1,SEPAM,4SEPAMOO 2012,0,1,0,0,0,0,0,1,0,0,0,0,NA,NA,NA,NA,NA,NA,NA
4,SEPA,1,SEPAM,4SEPAMRO 2012,0,1,0,0,0,0,0,1,0,0,0,0,NA,NA,NA,NA,NA,NA,NA
4,SEPA,1,SEPAP,4SEPAPOO 2012,1,0,1,1,1,1,1,0,1,1,1,1,NA,NA,NA,NA,NA,NA,NA
4,SEPA,1,SEPAP,4SEPAPRO 2012,1,0,1,1,1,1,1,0,1,1,1,1,NA,NA,NA,NA,NA,NA,NA
4,SOPI,1,SOPIM,4SOPIMOO 2012,0,0,0,0,0,1,0,0,0,0,0,1,NA,NA,NA,NA,NA,NA,NA
4,SOPI,1,SOPIM,4SOPIMRO 2012,0,0,0,0,0,1,0,0,0,0,0,1,NA,NA,NA,NA,NA,NA,NA
4,SOPI,1,SOPIP,4SOPIPOO 2012,1,1,1,1,1,0,1,1,1,1,1,0,NA,NA,NA,NA,NA,NA,NA
4,SOPI,1,SOPIP,4SOPIPRO 2012,1,1,1,1,1,0,1,1,1,1,1,0,NA,NA,NA,NA,NA,NA,NA
4,TRFL,1,TRFLM,4TRFLMOO 2012,0,0,1,0,0,0,0,0,1,0,0,0,NA,NA,NA,NA,NA,NA,NA
4,TRFL,1,TRFLM,4TRFLMRO 2012,0,0,1,0,0,0,0,0,1,0,0,0,NA,NA,NA,NA,NA,NA,NA
4,TRFL,1,TRFLP,4TRFLPOO 2012,1,1,0,1,1,1,1,1,0,1,1,1,NA,NA,NA,NA,NA,NA,NA
4,TRFL,1,TRFLP,4TRFLPRO 2012,1,1,0,1,1,1,1,1,0,1,1,1,NA,NA,NA,NA,NA,NA,NA
5,ANVI,1,ANVIM,5ANVIMOO 2012,1,0,0,0,0,0,1,0,0,0,0,0,NA,NA,NA,NA,NA,NA,NA
5,ANVI,1,ANVIM,5ANVIMRO 2012,1,0,0,0,0,0,1,0,0,0,0,0,NA,NA,NA,NA,NA,NA,NA
5,ANVI,1,ANVIP,5ANVIPOO 2012,0,1,1,1,1,1,0,1,1,1,1,1,NA,NA,NA,NA,NA,NA,NA
5,ANVI,1,ANVIP,5ANVIPRO 2012,0,1,1,1,1,1,0,1,1,1,1,1,NA,NA,NA,NA,NA,NA,NA
5,PAAN,1,PAANM,5PAANMOO 2012,0,0,0,1,0,0,0,0,0,1,0,0,NA,NA,NA,NA,NA,NA,NA
5,PAAN,1,PAANM,5PAANMRO 2012,0,0,0,1,0,0,0,0,0,1,0,0,NA,NA,NA,NA,NA,NA,NA
5,PAAN,1,PAANP,5PAANPOO 2012,1,1,1,0,1,1,1,1,1,0,1,1,NA,NA,NA,NA,NA,NA,NA
5,PAAN,1,PAANP,5PAANPRO 2012,1,1,1,0,1,1,1,1,1,0,1,1,NA,NA,NA,NA,NA,NA,NA
5,SCIN,1,SCINM,5SCINMOO 2012,0,0,0,0,1,0,0,0,0,0,1,0,NA,NA,NA,NA,NA,NA,NA
5,SCIN,1,SCINM,5SCINMRO 2012,0,0,0,0,1,0,0,0,0,0,1,0,NA,NA,NA,NA,NA,NA,NA
5,SCIN,1,SCINP,5SCINPOO 2012,1,1,1,1,0,1,1,1,1,1,0,1,NA,NA,NA,NA,NA,NA,NA
5,SCIN,1,SCINP,5SCINPRO 2012,1,1,1,1,0,1,1,1,1,1,0,1,NA,NA,NA,NA,NA,NA,NA
5,SEPA,1,SEPAM,5SEPAMOO 2012,0,1,0,0,0,0,0,1,0,0,0,0,NA,NA,NA,NA,NA,NA,NA
5,SEPA,1,SEPAM,5SEPAMRO 2012,0,1,0,0,0,0,0,1,0,0,0,0,NA,NA,NA,NA,NA,NA,NA
5,SEPA,1,SEPAP,5SEPAPOO 2012,1,0,1,1,1,1,1,0,1,1,1,1,NA,NA,NA,NA,NA,NA,NA
5,SEPA,1,SEPAP,5SEPAPRO 2012,1,0,1,1,1,1,1,0,1,1,1,1,NA,NA,NA,NA,NA,NA,NA
5,SOPI,1,SOPIM,5SOPIMOO 2012,0,0,0,0,0,1,0,0,0,0,0,1,NA,NA,NA,NA,NA,NA,NA
5,SOPI,1,SOPIM,5SOPIMRO 2012,0,0,0,0,0,1,0,0,0,0,0,1,NA,NA,NA,NA,NA,NA,NA
5,SOPI,1,SOPIP,5SOPIPOO 2012,1,1,1,1,1,0,1,1,1,1,1,0,NA,NA,NA,NA,NA,NA,NA
5,SOPI,1,SOPIP,5SOPIPRO 2012,1,1,1,1,1,0,1,1,1,1,1,0,NA,NA,NA,NA,NA,NA,NA
5,TRFL,1,TRFLM,5TRFLMOO 2012,0,0,1,0,0,0,0,0,1,0,0,0,NA,NA,NA,NA,NA,NA,NA
5,TRFL,1,TRFLP,5TRFLPOO 2012,1,1,0,1,1,1,1,1,0,1,1,1,NA,NA,NA,NA,NA,NA,NA
5,TRFL,1,TRFLP,5TRFLPRO 2012,1,1,0,1,1,1,1,1,0,1,1,1,NA,NA,NA,NA,NA,NA,NA
1,PAAN,3,PAANM,1PAANMOO 2014,0,0,0,1,0,0,0,0,0,1,0,0,21,4.61761761761762,-0.486284514719375,0,0,0,11
1,SEPA,3,SEPAP,1SEPAPRO 2014,1,0,1,1,1,1,1,0,1,1,1,1,13,4.75175175175175,-0.108802859674371,1,1,1,7
1,SCIN,3,SCINM,1SCINMOO 2014,0,0,0,0,1,0,0,0,0,0,1,0,12,5,-1.40133223860528,0,0,0,4
1,SOPI,3,SOPIM,1SOPIMRO 2014,0,0,0,0,0,1,0,0,0,0,0,1,15,5.65865865865866,-0.136682986952344,0,1,0,8
1,SOPI,3,SOPIM,1SOPIMOO 2014,0,0,0,0,0,1,0,0,0,0,0,1,19,6.3963963963964,0.0240148760769257,0,0,0,9
1,TRFL,3,TRFLP,1TRFLPRO 2014,1,1,0,1,1,1,1,1,0,1,1,1,16,3.76276276276276,-0.117783035632773,1,1,1,8
1,ANVI,3,ANVIM,1ANVIMOO 2014,1,0,0,0,0,0,1,0,0,0,0,0,20,4.56456456456456,0.450013484478408,0,0,0,11
1,SCIN,3,SCINP,1SCINPOO 2014,1,1,1,1,0,1,1,1,1,1,0,1,20,4.8008008008008,0.509224342293994,1,0,0,11
1,SEPA,3,SEPAM,1SEPAMOO 2014,0,1,0,0,0,0,0,1,0,0,0,0,19,6.45445445445445,-0.409586397573005,0,0,0,7
1,ANVI,3,ANVIP,1ANVIPOO 2014,0,1,1,1,1,1,0,1,1,1,1,1,21,4.69269269269269,-0.657918488593299,1,0,0,8
1,SEPA,3,SEPAP,1SEPAPOO 2014,1,0,1,1,1,1,1,0,1,1,1,1,19,5.91491491491491,0.115998913830531,1,0,0,8
1,SEPA,3,SEPAM,1SEPAMRO 2014,0,1,0,0,0,0,0,1,0,0,0,0,11,4,0.901901994492346,0,1,0,5
1,SCIN,3,SCINM,1SCINMRO 2014,0,0,0,0,1,0,0,0,0,0,1,0,11,4.14714714714715,-0.318453731032171,0,1,0,6
1,TRFL,3,TRFLP,1TRFLPOO 2014,1,1,0,1,1,1,1,1,0,1,1,1,15,5.81181181181181,-0.0210534092188872,1,0,0,8
1,PAAN,3,PAANM,1PAANMRO 2014,0,0,0,1,0,0,0,0,0,1,0,0,9,3,2.50737950497151,0,1,0,5
1,PAAN,3,PAANP,1PAANPRO 2014,1,1,1,0,1,1,1,1,1,0,1,1,12,4.97297297297297,0.248179629630991,1,1,1,6
1,TRFL,3,TRFLM,1TRFLMRO 2014,0,0,1,0,0,0,0,0,1,0,0,0,9,4,1.96225928719722,0,1,0,5
1,SCIN,3,SCINP,1SCINPRO 2014,1,1,1,1,0,1,1,1,1,1,0,1,8,3,2.12823170609546,1,1,1,5
1,ANVI,3,ANVIP,1ANVIPRO 2014,0,1,1,1,1,1,0,1,1,1,1,1,7,4,0.768048488505342,1,1,1,5
1,ANVI,3,ANVIM,1ANVIMRO 2014,1,0,0,0,0,0,1,0,0,0,0,0,7,5,2.70805020110221,0,1,0,5
1,SOPI,3,SOPIP,1SOPIPRO 2014,1,1,1,1,1,0,1,1,1,1,1,0,8,4,0.919793362425357,1,1,1,5
1,SOPI,3,SOPIP,1SOPIPOO 2014,1,1,1,1,1,0,1,1,1,1,1,0,14,5.22122122122122,-0.191891007985624,1,0,0,7
1,PAAN,3,PAANP,1PAANPOO 2014,1,1,1,0,1,1,1,1,1,0,1,1,17,3.57557557557558,0.262048524684321,1,0,0,7
1,TRFL,3,TRFLM,1TRFLMOO 2014,0,0,1,0,0,0,0,0,1,0,0,0,11,3.51351351351351,-0.250410677771669,0,0,0,6
2,TRFL,3,TRFLP,2TRFLPOO 2014,1,1,0,1,1,1,1,1,0,1,1,1,16,4.02902902902903,-0.156160730912079,1,0,0,8
2,SOPI,3,SOPIM,2SOPIMOO 2014,0,0,0,0,0,1,0,0,0,0,0,1,14,4.18018018018018,-0.099529595535344,0,0,0,9
2,SEPA,3,SEPAM,2SEPAMOO 2014,0,1,0,0,0,0,0,1,0,0,0,0,11,2.79379379379379,-1.11861295546323,0,0,0,9
2,PAAN,3,PAANP,2PAANPRO 2014,1,1,1,0,1,1,1,1,1,0,1,1,12,1.81681681681682,-0.268263986730426,1,1,1,6
2,PAAN,3,PAANP,2PAANPOO 2014,1,1,1,0,1,1,1,1,1,0,1,1,18,3.32132132132132,-1.39407650140594,1,0,0,9
2,SEPA,3,SEPAM,2SEPAMRO 2014,0,1,0,0,0,0,0,1,0,0,0,0,10,1.67167167167167,0.427444014848968,0,1,0,6
2,PAAN,3,PAANM,2PAANMRO 2014,0,0,0,1,0,0,0,0,0,1,0,0,14,4.55155155155155,NA,0,1,0,10
2,SEPA,3,SEPAP,2SEPAPRO 2014,1,0,1,1,1,1,1,0,1,1,1,1,11,2,-0.950976289813115,1,1,1,5
2,SCIN,3,SCINP,2SCINPOO 2014,1,1,1,1,0,1,1,1,1,1,0,1,14,4.89289289289289,-0.454255272122279,1,0,0,8
2,SEPA,3,SEPAP,2SEPAPOO 2014,1,0,1,1,1,1,1,0,1,1,1,1,17,3.34134134134134,-1.24631364485151,1,0,0,6
2,SCIN,3,SCINM,2SCINMRO 2014,0,0,0,0,1,0,0,0,0,0,1,0,10,3,-0.8043728156276,0,1,0,4
2,TRFL,3,TRFLP,2TRFLPRO 2014,1,1,0,1,1,1,1,1,0,1,1,1,14,4.04104104104104,0.260283098455108,1,1,1,8
2,ANVI,3,ANVIM,2ANVIMOO 2014,1,0,0,0,0,0,1,0,0,0,0,0,11,3,-0.371826748849713,0,0,0,4
2,SOPI,3,SOPIP,2SOPIPRO 2014,1,1,1,1,1,0,1,1,1,1,1,0,14,4.26126126126126,0.268706170994102,1,1,1,8
2,ANVI,3,ANVIP,2ANVIPOO 2014,0,1,1,1,1,1,0,1,1,1,1,1,13,3.58358358358358,-1.07613943300378,1,0,0,7
2,SOPI,3,SOPIM,2SOPIMRO 2014,0,0,0,0,0,1,0,0,0,0,0,1,10,3.37437437437437,0.858226930747794,0,1,0,6
2,SCIN,3,SCINP,2SCINPRO 2014,1,1,1,1,0,1,1,1,1,1,0,1,11,2,1.57897870523285,1,1,1,4
2,ANVI,3,ANVIM,2ANVIMRO 2014,1,0,0,0,0,0,1,0,0,0,0,0,6,2,3.14784005145347,0,1,0,4
2,ANVI,3,ANVIP,2ANVIPRO 2014,0,1,1,1,1,1,0,1,1,1,1,1,9,2,1.01856958124586,1,1,1,3
2,TRFL,3,TRFLM,2TRFLMRO 2014,0,0,1,0,0,0,0,0,1,0,0,0,11,1,2.46890630841573,0,1,0,3
2,PAAN,3,PAANM,2PAANMOO 2014,0,0,0,1,0,0,0,0,0,1,0,0,13,4,0.501693140385162,0,0,0,5
2,SCIN,3,SCINM,2SCINMOO 2014,0,0,0,0,1,0,0,0,0,0,1,0,14,4.53853853853854,-0.586890205724574,0,0,0,7
2,TRFL,3,TRFLM,2TRFLMOO 2014,0,0,1,0,0,0,0,0,1,0,0,0,13,3.73973973973974,0.567377793111361,0,0,0,8
2,SOPI,3,SOPIP,2SOPIPOO 2014,1,1,1,1,1,0,1,1,1,1,1,0,10,3.31931931931932,0.400477566557245,1,0,0,6
3,PAAN,3,PAANM,3PAANMOO 2014,0,0,0,1,0,0,0,0,0,1,0,0,10,6,-1.89354216349691,0,0,0,4
3,SEPA,3,SEPAM,3SEPAMRO 2014,0,1,0,0,0,0,0,1,0,0,0,0,9,5,1.72130780810423,0,1,0,5
3,SCIN,3,SCINP,3SCINPRO 2014,1,1,1,1,0,1,1,1,1,1,0,1,10,5.02502502502503,0.30294954461199203,1,1,1,6
3,PAAN,3,PAANP,3PAANPOO 2014,1,1,1,0,1,1,1,1,1,0,1,1,15,6.48348348348348,-0.0579872575575179,1,0,0,7
3,TRFL,3,TRFLM,3TRFLMRO 2014,0,0,1,0,0,0,0,0,1,0,0,0,6,5,1.56498615005252,0,1,0,4
3,ANVI,3,ANVIM,3ANVIMOO 2014,1,0,0,0,0,0,1,0,0,0,0,0,13,4,0.437213806385581,0,0,0,5
3,ANVI,3,ANVIM,3ANVIMRO 2014,1,0,0,0,0,0,1,0,0,0,0,0,5,2,0.942958978971338,0,1,0,3
3,SOPI,3,SOPIP,3SOPIPRO 2014,1,1,1,1,1,0,1,1,1,1,1,0,13,6,1.25708262944916,1,1,1,4
3,SCIN,3,SCINP,3SCINPOO 2014,1,1,1,1,0,1,1,1,1,1,0,1,11,4.33433433433433,0.903711949610214,1,0,0,6
3,SEPA,3,SEPAP,3SEPAPRO 2014,1,0,1,1,1,1,1,0,1,1,1,1,9,5,0.15415067998202,1,1,1,5
3,ANVI,3,ANVIP,3ANVIPRO 2014,0,1,1,1,1,1,0,1,1,1,1,1,9,2,1.0908301482478,1,1,1,4
3,SOPI,3,SOPIP,3SOPIPOO 2014,1,1,1,1,1,0,1,1,1,1,1,0,11,6,0.317095957652915,1,0,0,4
3,TRFL,3,TRFLP,3TRFLPOO 2014,1,1,0,1,1,1,1,1,0,1,1,1,13,3.5025025025025,-0.379489621704904,1,0,0,6
3,SCIN,3,SCINM,3SCINMRO 2014,0,0,0,0,1,0,0,0,0,0,1,0,9,6,0.796331416845645,0,1,0,4
3,PAAN,3,PAANM,3PAANMRO 2014,0,0,0,1,0,0,0,0,0,1,0,0,14,6,-0.189756535292381,0,1,0,4
3,PAAN,3,PAANP,3PAANPRO 2014,1,1,1,0,1,1,1,1,1,0,1,1,9,3,1.97716269276181,1,1,1,2
3,SEPA,3,SEPAM,3SEPAMOO 2014,0,1,0,0,0,0,0,1,0,0,0,0,14,6,1.68948062044328,0,0,0,4
3,SOPI,3,SOPIM,3SOPIMRO 2014,0,0,0,0,0,1,0,0,0,0,0,1,5,2,4.30791866616862,0,1,0,2
3,SEPA,3,SEPAP,3SEPAPOO 2014,1,0,1,1,1,1,1,0,1,1,1,1,17,3.12312312312312,-1.13401421589049,1,0,0,7
3,TRFL,3,TRFLM,3TRFLMOO 2014,0,0,1,0,0,0,0,0,1,0,0,0,11,6,1.405342555899,0,0,0,5
3,TRFL,3,TRFLP,3TRFLPRO 2014,1,1,0,1,1,1,1,1,0,1,1,1,10,1,0.762140051963087,1,1,1,5
4,SEPA,3,SEPAP,4SEPAPOO 2014,1,0,1,1,1,1,1,0,1,1,1,1,13,6.04304304304304,-0.310154928209294,1,0,0,7
4,PAAN,3,PAANM,4PAANMOO 2014,0,0,0,1,0,0,0,0,0,1,0,0,14,4.3043043043043,-0.871554837917527,0,0,0,8
4,ANVI,3,ANVIM,4ANVIMOO 2014,1,0,0,0,0,0,1,0,0,0,0,0,12,3,0.477489203432877,0,0,0,4
4,SOPI,3,SOPIP,4SOPIPOO 2014,1,1,1,1,1,0,1,1,1,1,1,0,11,5,-1.18098328632303,1,0,0,5
4,PAAN,3,PAANP,4PAANPRO 2014,1,1,1,0,1,1,1,1,1,0,1,1,10,6,0.67512867501415,1,1,1,5
4,ANVI,3,ANVIP,4ANVIPRO 2014,0,1,1,1,1,1,0,1,1,1,1,1,8,6,-0.0285733722725927,1,1,1,5
4,SCIN,3,SCINM,4SCINMRO 2014,0,0,0,0,1,0,0,0,0,0,1,0,11,5,1.86075234084707,0,1,0,5
4,TRFL,3,TRFLP,4TRFLPRO 2014,1,1,0,1,1,1,1,1,0,1,1,1,9,2,0.746069581914938,1,1,1,4
4,TRFL,3,TRFLM,4TRFLMOO 2014,0,0,1,0,0,0,0,0,1,0,0,0,7,3,1.15976671192795,0,0,0,3
4,SOPI,3,SOPIM,4SOPIMRO 2014,0,0,0,0,0,1,0,0,0,0,0,1,11,3,-0.819779831274351,0,1,0,5
4,SEPA,3,SEPAM,4SEPAMOO 2014,0,1,0,0,0,0,0,1,0,0,0,0,16,2,-1.53916871672201,0,0,0,4
4,SOPI,3,SOPIM,4SOPIMOO 2014,0,0,0,0,0,1,0,0,0,0,0,1,13,4.16616616616617,-0.54430155296238,0,0,0,6
4,SCIN,3,SCINP,4SCINPOO 2014,1,1,1,1,0,1,1,1,1,1,0,1,12,3.37437437437437,-0.829279354669071,1,0,0,6
4,SEPA,3,SEPAP,4SEPAPRO 2014,1,0,1,1,1,1,1,0,1,1,1,1,13,3.39439439439439,0.0482021019336077,1,1,1,8
4,SCIN,3,SCINM,4SCINMOO 2014,0,0,0,0,1,0,0,0,0,0,1,0,7,3,-1.23676262714893,0,0,0,4
4,TRFL,3,TRFLP,4TRFLPOO 2014,1,1,0,1,1,1,1,1,0,1,1,1,13,3,-1.19587559424877,1,0,0,5
4,PAAN,3,PAANM,4PAANMRO 2014,0,0,0,1,0,0,0,0,0,1,0,0,13,4.31631631631632,-0.204794412794498,0,1,0,6
4,SEPA,3,SEPAM,4SEPAMRO 2014,0,1,0,0,0,0,0,1,0,0,0,0,11,6,1.52242653552568,0,1,0,5
4,SCIN,3,SCINP,4SCINPRO 2014,1,1,1,1,0,1,1,1,1,1,0,1,11,3,-0.89199803939534,1,1,1,4
4,TRFL,3,TRFLM,4TRFLMRO 2014,0,0,1,0,0,0,0,0,1,0,0,0,7,6,0.964022134854968,0,1,0,5
4,SOPI,3,SOPIP,4SOPIPRO 2014,1,1,1,1,1,0,1,1,1,1,1,0,9,5,0.727048732368615,1,1,1,4
4,ANVI,3,ANVIP,4ANVIPOO 2014,0,1,1,1,1,1,0,1,1,1,1,1,12,4.21121121121121,-0.810930216180218,1,0,0,6
4,ANVI,3,ANVIM,4ANVIMRO 2014,1,0,0,0,0,0,1,0,0,0,0,0,7,3,1.47810191046748,0,1,0,2
4,PAAN,3,PAANP,4PAANPOO 2014,1,1,1,0,1,1,1,1,1,0,1,1,17,3.80680680680681,-1.58045037568144,1,0,0,7
5,SEPA,3,SEPAP,5SEPAPRO 2014,1,0,1,1,1,1,1,0,1,1,1,1,12,5.84084084084084,-0.739238287793665,1,1,1,6
5,TRFL,3,TRFLM,5TRFLMOO 2014,0,0,1,0,0,0,0,0,1,0,0,0,12,2.50650650650651,-1.34707364826707,0,0,0,6
5,ANVI,3,ANVIP,5ANVIPRO 2014,0,1,1,1,1,1,0,1,1,1,1,1,11,4,-1.60200293361728,1,1,1,3
5,SCIN,3,SCINM,5SCINMOO 2014,0,0,0,0,1,0,0,0,0,0,1,0,13,2,-1.6550484235869,0,0,0,4
5,SOPI,3,SOPIM,5SOPIMRO 2014,0,0,0,0,0,1,0,0,0,0,0,1,13,6,-1.46325540233483,0,1,0,5
5,SOPI,3,SOPIP,5SOPIPRO 2014,1,1,1,1,1,0,1,1,1,1,1,0,11,3,0.250294540445429,1,1,1,4
5,ANVI,3,ANVIM,5ANVIMRO 2014,1,0,0,0,0,0,1,0,0,0,0,0,8,6,0.996333439793012,0,1,0,4
5,PAAN,3,PAANM,5PAANMOO 2014,0,0,0,1,0,0,0,0,0,1,0,0,11,3,-1.94193400039935,0,0,0,4
5,SCIN,3,SCINP,5SCINPOO 2014,1,1,1,1,0,1,1,1,1,1,0,1,14,3.34934934934935,-0.340926586906427,1,0,0,6
5,PAAN,3,PAANM,5PAANMRO 2014,0,0,0,1,0,0,0,0,0,1,0,0,10,3,0.827737334722692,0,1,0,5
5,TRFL,3,TRFLM,5TRFLMRO 2014,0,0,1,0,0,0,0,0,1,0,0,0,8,3,1.03798766705082,0,1,0,3
5,SEPA,3,SEPAP,5SEPAPOO 2014,1,0,1,1,1,1,1,0,1,1,1,1,11,5,-0.344269546968889,1,0,0,5
5,SEPA,3,SEPAM,5SEPAMOO 2014,0,1,0,0,0,0,0,1,0,0,0,0,10,4,-1.48160454082603,0,0,0,4
5,PAAN,3,PAANP,5PAANPOO 2014,1,1,1,0,1,1,1,1,1,0,1,1,12,5,-0.763764747609431,1,0,0,5
5,TRFL,3,TRFLP,5TRFLPRO 2014,1,1,0,1,1,1,1,1,0,1,1,1,11,3,0.470003629310736,1,1,1,4
5,PAAN,3,PAANP,5PAANPRO 2014,1,1,1,0,1,1,1,1,1,0,1,1,8,3,-0.606135803441528,1,1,1,5
5,ANVI,3,ANVIM,5ANVIMOO 2014,1,0,0,0,0,0,1,0,0,0,0,0,9,4,1.06087196090962,0,0,0,4
5,SEPA,3,SEPAM,5SEPAMRO 2014,0,1,0,0,0,0,0,1,0,0,0,0,11,5,1.35239280916731,0,1,0,4
5,SOPI,3,SOPIP,5SOPIPOO 2014,1,1,1,1,1,0,1,1,1,1,1,0,17,5,-0.80056742896865,1,0,0,5
5,TRFL,3,TRFLP,5TRFLPOO 2014,1,1,0,1,1,1,1,1,0,1,1,1,12,3,-2.49182709261994,1,0,0,5
5,ANVI,3,ANVIP,5ANVIPOO 2014,0,1,1,1,1,1,0,1,1,1,1,1,14,4,-0.889262059594409,1,0,0,5
5,SOPI,3,SOPIM,5SOPIMOO 2014,0,0,0,0,0,1,0,0,0,0,0,1,17,4.97797797797798,-0.526450941839414,0,0,0,6
5,SCIN,3,SCINP,5SCINPRO 2014,1,1,1,1,0,1,1,1,1,1,0,1,11,3,-0.299242894678719,1,1,1,5
5,SCIN,3,SCINM,5SCINMRO 2014,0,0,0,0,1,0,0,0,0,0,1,0,8,5,-0.116259806258278,0,1,0,4
